Id,Prediction
1,442530.5796
2,4999322.9149
3,1709685.5745
4,2249416.1327
5,922929.78019
6,179073.56687
7,681051.94598
8,703084.56784
9,276292.91093
10,438184.59479
11,577640.6774
12,490951.82864
13,2249416.1327
14,106455.48874
15,889266.90486
16,640012.33252
17,179073.56687
18,442530.5796
19,283663.50346
20,640012.33252
21,756515.02505
22,196923.75262
23,438184.59479
24,922929.78019
25,508970.58186
26,276292.91093
27,432252.37319
28,577640.6774
29,490951.82864
30,574080.25412
31,29876.857834
32,438184.59479
33,640012.33252
34,599969.9675
35,179073.56687
36,283663.50346
37,416018.39761
38,508970.58186
39,935746.20411
40,4999322.9149
41,994052.58723
42,276292.91093
43,765945.04771
44,906101.60014
45,4999322.9149
46,432252.37319
47,179073.56687
48,751503.01021
49,922929.78019
50,2249416.1327
51,599969.9675
52,490951.82864
53,175806.86092
54,1083277.2009
55,4999322.9149
56,718806.94688
57,935746.20411
58,196923.75262
59,490951.82864
60,577640.6774
61,106455.48874
62,889266.90486
63,196923.75262
64,438184.59479
65,442530.5796
66,718806.94688
67,442530.5796
68,640012.33252
69,599969.9675
70,5293657.5795
71,906101.60014
72,276292.91093
73,179073.56687
74,756515.02505
75,703084.56784
76,775614.73236
77,508970.58186
78,276292.91093
79,442530.5796
80,506618.93108
81,438184.59479
82,432252.37319
83,906101.60014
84,331007.5659
85,506618.93108
86,438184.59479
87,179073.56687
88,577640.6774
89,922929.78019
90,283663.50346
91,2249416.1327
92,599969.9675
93,718806.94688
94,775614.73236
95,438184.59479
96,490951.82864
97,442530.5796
98,283663.50346
99,4999322.9149
100,331007.5659
101,2249416.1327
102,438184.59479
103,922929.78019
104,179073.56687
105,444816.1927
106,106455.48874
107,442530.5796
108,29876.857834
109,236432.42013
110,599969.9675
111,994052.58723
112,5293657.5795
113,508970.58186
114,283663.50346
115,506618.93108
116,574080.25412
117,925644.41939
118,2249416.1327
119,599969.9675
120,1142095.2097
121,4999322.9149
122,196923.75262
123,681051.94598
124,283663.50346
125,276292.91093
126,331007.5659
127,196923.75262
128,508970.58186
129,196923.75262
130,506618.93108
131,4999322.9149
132,756515.02505
133,106455.48874
134,490951.82864
135,1083277.2009
136,935746.20411
137,703084.56784
138,490951.82864
139,577640.6774
140,599969.9675
141,175806.86092
142,1083277.2009
143,416018.39761
144,432252.37319
145,751503.01021
146,703084.56784
147,925644.41939
148,599969.9675
149,331007.5659
150,889266.90486
151,196923.75262
152,994052.58723
153,416018.39761
154,283663.50346
155,4999322.9149
156,442530.5796
157,703084.56784
158,438184.59479
159,506618.93108
160,196923.75262
161,432252.37319
162,179073.56687
163,751503.01021
164,442530.5796
165,922929.78019
166,2249416.1327
167,1142095.2097
168,574080.25412
169,1083277.2009
170,4999322.9149
171,506618.93108
172,179073.56687
173,751503.01021
174,577640.6774
175,574080.25412
176,276292.91093
177,196923.75262
178,438184.59479
179,416018.39761
180,703084.56784
181,490951.82864
182,29876.857834
183,4999322.9149
184,994052.58723
185,331007.5659
186,765945.04771
187,196923.75262
188,775614.73236
189,106455.48874
190,331007.5659
191,718806.94688
192,416018.39761
193,925644.41939
194,283663.50346
195,2249416.1327
196,175806.86092
197,906101.60014
198,442530.5796
199,4999322.9149
200,718806.94688
201,179073.56687
202,935746.20411
203,1105817.2321
204,276292.91093
205,196923.75262
206,236432.42013
207,416018.39761
208,751503.01021
209,283663.50346
210,490951.82864
211,889266.90486
212,574080.25412
213,640012.33252
214,599969.9675
215,196923.75262
216,5293657.5795
217,490951.82864
218,331007.5659
219,906101.60014
220,490951.82864
221,718806.94688
222,577640.6774
223,444816.1927
224,29876.857834
225,574080.25412
226,236432.42013
227,775614.73236
228,1299600.5045
229,276292.91093
230,765945.04771
231,2249416.1327
232,775614.73236
233,438184.59479
234,179073.56687
235,442530.5796
236,236432.42013
237,490951.82864
238,1709685.5745
239,283663.50346
240,681051.94598
241,106455.48874
242,432252.37319
243,703084.56784
244,276292.91093
245,4999322.9149
246,106455.48874
247,574080.25412
248,925644.41939
249,1299600.5045
250,106455.48874
251,490951.82864
252,775614.73236
253,442530.5796
254,599969.9675
255,1891913.0454
256,1142095.2097
257,179073.56687
258,106455.48874
259,1709685.5745
260,444816.1927
261,106455.48874
262,889266.90486
263,236432.42013
264,5293657.5795
265,574080.25412
266,906101.60014
267,506618.93108
268,438184.59479
269,1105817.2321
270,718806.94688
271,442530.5796
272,236432.42013
273,5293657.5795
274,508970.58186
275,106455.48874
276,906101.60014
277,718806.94688
278,775614.73236
279,442530.5796
280,577640.6774
281,416018.39761
282,276292.91093
283,442530.5796
284,718806.94688
285,196923.75262
286,703084.56784
287,29876.857834
288,935746.20411
289,681051.94598
290,4999322.9149
291,574080.25412
292,994052.58723
293,756515.02505
294,2249416.1327
295,922929.78019
296,1142095.2097
297,331007.5659
298,994052.58723
299,283663.50346
300,1709685.5745
301,490951.82864
302,906101.60014
303,331007.5659
304,506618.93108
305,432252.37319
306,756515.02505
307,106455.48874
308,276292.91093
309,4999322.9149
310,438184.59479
311,416018.39761
312,922929.78019
313,283663.50346
314,775614.73236
315,508970.58186
316,179073.56687
317,444816.1927
318,442530.5796
319,889266.90486
320,574080.25412
321,236432.42013
322,775614.73236
323,331007.5659
324,444816.1927
325,106455.48874
326,1105817.2321
327,889266.90486
328,179073.56687
329,994052.58723
330,196923.75262
331,5293657.5795
332,416018.39761
333,1709685.5745
334,508970.58186
335,1299600.5045
336,701698.51666
337,29876.857834
338,935746.20411
339,331007.5659
340,775614.73236
341,1299600.5045
342,490951.82864
343,29876.857834
344,935746.20411
345,4999322.9149
346,574080.25412
347,765945.04771
348,196923.75262
349,775614.73236
350,922929.78019
351,1083277.2009
352,935746.20411
353,416018.39761
354,438184.59479
355,751503.01021
356,703084.56784
357,577640.6774
358,444816.1927
359,106455.48874
360,276292.91093
361,889266.90486
362,4999322.9149
363,994052.58723
364,442530.5796
365,577640.6774
366,574080.25412
367,331007.5659
368,703084.56784
369,416018.39761
370,508970.58186
371,283663.50346
372,906101.60014
373,718806.94688
374,331007.5659
375,922929.78019
376,196923.75262
377,2249416.1327
378,599969.9675
379,438184.59479
380,574080.25412
381,331007.5659
382,681051.94598
383,506618.93108
384,4999322.9149
385,935746.20411
386,756515.02505
387,703084.56784
388,775614.73236
389,106455.48874
390,106455.48874
391,574080.25412
392,236432.42013
393,179073.56687
394,640012.33252
395,599969.9675
396,438184.59479
397,196923.75262
398,5293657.5795
399,906101.60014
400,490951.82864
401,106455.48874
402,935746.20411
403,775614.73236
404,1105817.2321
405,718806.94688
406,236432.42013
407,775614.73236
408,599969.9675
409,574080.25412
410,236432.42013
411,640012.33252
412,599969.9675
413,490951.82864
414,508970.58186
415,29876.857834
416,276292.91093
417,1709685.5745
418,508970.58186
419,331007.5659
420,106455.48874
421,4999322.9149
422,935746.20411
423,416018.39761
424,438184.59479
425,196923.75262
426,925644.41939
427,331007.5659
428,1299600.5045
429,701698.51666
430,283663.50346
431,508970.58186
432,106455.48874
433,196923.75262
434,236432.42013
435,438184.59479
436,640012.33252
437,994052.58723
438,751503.01021
439,5293657.5795
440,925644.41939
441,1709685.5745
442,1299600.5045
443,490951.82864
444,935746.20411
445,765945.04771
446,1299600.5045
447,490951.82864
448,935746.20411
449,640012.33252
450,574080.25412
451,994052.58723
452,765945.04771
453,756515.02505
454,922929.78019
455,506618.93108
456,416018.39761
457,925644.41939
458,1105817.2321
459,29876.857834
460,4999322.9149
461,640012.33252
462,438184.59479
463,196923.75262
464,508970.58186
465,331007.5659
466,701698.51666
467,442530.5796
468,4999322.9149
469,994052.58723
470,276292.91093
471,765945.04771
472,179073.56687
473,276292.91093
474,331007.5659
475,506618.93108
476,4999322.9149
477,703084.56784
478,416018.39761
479,179073.56687
480,925644.41939
481,599969.9675
482,106455.48874
483,442530.5796
484,935746.20411
485,416018.39761
486,196923.75262
487,577640.6774
488,599969.9675
489,490951.82864
490,506618.93108
491,106455.48874
492,935746.20411
493,574080.25412
494,331007.5659
495,703084.56784
496,775614.73236
497,1142095.2097
498,438184.59479
499,276292.91093
500,283663.50346
501,577640.6774
502,490951.82864
503,175806.86092
504,283663.50346
505,106455.48874
506,416018.39761
507,574080.25412
508,331007.5659
509,196923.75262
510,283663.50346
511,703084.56784
512,490951.82864
513,490951.82864
514,29876.857834
515,681051.94598
516,4999322.9149
517,756515.02505
518,175806.86092
519,283663.50346
520,906101.60014
521,276292.91093
522,490951.82864
523,506618.93108
524,4999322.9149
525,432252.37319
526,106455.48874
527,577640.6774
528,922929.78019
529,4999322.9149
530,432252.37319
531,416018.39761
532,574080.25412
533,331007.5659
534,196923.75262
535,599969.9675
536,703084.56784
537,416018.39761
538,599969.9675
539,331007.5659
540,1083277.2009
541,718806.94688
542,751503.01021
543,106455.48874
544,490951.82864
545,175806.86092
546,106455.48874
547,276292.91093
548,574080.25412
549,416018.39761
550,438184.59479
551,490951.82864
552,106455.48874
553,599969.9675
554,438184.59479
555,906101.60014
556,718806.94688
557,331007.5659
558,438184.59479
559,432252.37319
560,106455.48874
561,490951.82864
562,1142095.2097
563,283663.50346
564,276292.91093
565,4999322.9149
566,574080.25412
567,751503.01021
568,922929.78019
569,925644.41939
570,599969.9675
571,29876.857834
572,276292.91093
573,432252.37319
574,283663.50346
575,703084.56784
576,508970.58186
577,106455.48874
578,4999322.9149
579,935746.20411
580,490951.82864
581,599969.9675
582,444816.1927
583,703084.56784
584,416018.39761
585,577640.6774
586,751503.01021
587,922929.78019
588,925644.41939
589,599969.9675
590,906101.60014
591,599969.9675
592,106455.48874
593,906101.60014
594,29876.857834
595,681051.94598
596,432252.37319
597,4999322.9149
598,490951.82864
599,2249416.1327
600,331007.5659
601,1299600.5045
602,490951.82864
603,889266.90486
604,927716.33279
605,775614.73236
606,416018.39761
607,490951.82864
608,701698.51666
609,935746.20411
610,994052.58723
611,331007.5659
612,196923.75262
613,2249416.1327
614,775614.73236
615,922929.78019
616,1299600.5045
617,106455.48874
618,490951.82864
619,283663.50346
620,442530.5796
621,577640.6774
622,599969.9675
623,703084.56784
624,1142095.2097
625,1105817.2321
626,196923.75262
627,179073.56687
628,994052.58723
629,283663.50346
630,906101.60014
631,331007.5659
632,1083277.2009
633,179073.56687
634,703084.56784
635,775614.73236
636,29876.857834
637,196923.75262
638,775614.73236
639,438184.59479
640,935746.20411
641,283663.50346
642,175806.86092
643,283663.50346
644,1083277.2009
645,4999322.9149
646,935746.20411
647,432252.37319
648,756515.02505
649,331007.5659
650,775614.73236
651,196923.75262
652,906101.60014
653,442530.5796
654,935746.20411
655,416018.39761
656,925644.41939
657,599969.9675
658,1142095.2097
659,331007.5659
660,196923.75262
661,506618.93108
662,718806.94688
663,179073.56687
664,577640.6774
665,442530.5796
666,935746.20411
667,1142095.2097
668,276292.91093
669,416018.39761
670,179073.56687
671,751503.01021
672,599969.9675
673,106455.48874
674,29876.857834
675,889266.90486
676,236432.42013
677,5293657.5795
678,106455.48874
679,442530.5796
680,574080.25412
681,506618.93108
682,718806.94688
683,179073.56687
684,416018.39761
685,432252.37319
686,577640.6774
687,599969.9675
688,331007.5659
689,276292.91093
690,4999322.9149
691,196923.75262
692,718806.94688
693,283663.50346
694,925644.41939
695,106455.48874
696,442530.5796
697,640012.33252
698,276292.91093
699,756515.02505
700,196923.75262
701,775614.73236
702,438184.59479
703,508970.58186
704,179073.56687
705,444816.1927
706,106455.48874
707,751503.01021
708,925644.41939
709,599969.9675
710,442530.5796
711,506618.93108
712,718806.94688
713,751503.01021
714,196923.75262
715,703084.56784
716,577640.6774
717,574080.25412
718,276292.91093
719,1083277.2009
720,506618.93108
721,438184.59479
722,935746.20411
723,432252.37319
724,283663.50346
725,490951.82864
726,283663.50346
727,276292.91093
728,574080.25412
729,493177.74125
730,775614.73236
731,906101.60014
732,506618.93108
733,4999322.9149
734,703084.56784
735,574080.25412
736,438184.59479
737,106455.48874
738,29876.857834
739,775614.73236
740,438184.59479
741,416018.39761
742,490951.82864
743,1299600.5045
744,701698.51666
745,574080.25412
746,994052.58723
747,276292.91093
748,765945.04771
749,196923.75262
750,438184.59479
751,922929.78019
752,508970.58186
753,179073.56687
754,283663.50346
755,906101.60014
756,276292.91093
757,490951.82864
758,506618.93108
759,703084.56784
760,416018.39761
761,577640.6774
762,751503.01021
763,922929.78019
764,925644.41939
765,444816.1927
766,29876.857834
767,681051.94598
768,276292.91093
769,196923.75262
770,5293657.5795
771,775614.73236
772,1709685.5745
773,331007.5659
774,236432.42013
775,179073.56687
776,438184.59479
777,196923.75262
778,416018.39761
779,1299600.5045
780,490951.82864
781,889266.90486
782,577640.6774
783,490951.82864
784,701698.51666
785,994052.58723
786,196923.75262
787,508970.58186
788,1083277.2009
789,681051.94598
790,506618.93108
791,935746.20411
792,179073.56687
793,775614.73236
794,577640.6774
795,508970.58186
796,1083277.2009
797,756515.02505
798,283663.50346
799,703084.56784
800,775614.73236
801,577640.6774
802,1142095.2097
803,574080.25412
804,906101.60014
805,29876.857834
806,438184.59479
807,416018.39761
808,577640.6774
809,490951.82864
810,444816.1927
811,236432.42013
812,1142095.2097
813,283663.50346
814,906101.60014
815,276292.91093
816,442530.5796
817,106455.48874
818,416018.39761
819,577640.6774
820,2249416.1327
821,438184.59479
822,106455.48874
823,681051.94598
824,574080.25412
825,4999322.9149
826,276292.91093
827,438184.59479
828,701698.51666
829,29876.857834
830,935746.20411
831,640012.33252
832,765945.04771
833,756515.02505
834,196923.75262
835,2249416.1327
836,438184.59479
837,106455.48874
838,1105817.2321
839,681051.94598
840,574080.25412
841,4999322.9149
842,276292.91093
843,508970.58186
844,331007.5659
845,681051.94598
846,196923.75262
847,506618.93108
848,438184.59479
849,935746.20411
850,179073.56687
851,432252.37319
852,106455.48874
853,283663.50346
854,276292.91093
855,442530.5796
856,751503.01021
857,196923.75262
858,599969.9675
859,506618.93108
860,4999322.9149
861,703084.56784
862,577640.6774
863,106455.48874
864,506618.93108
865,718806.94688
866,438184.59479
867,416018.39761
868,442530.5796
869,283663.50346
870,1142095.2097
871,29876.857834
872,331007.5659
873,681051.94598
874,196923.75262
875,506618.93108
876,283663.50346
877,106455.48874
878,508970.58186
879,490951.82864
880,444816.1927
881,718806.94688
882,889266.90486
883,236432.42013
884,179073.56687
885,438184.59479
886,196923.75262
887,508970.58186
888,331007.5659
889,442530.5796
890,283663.50346
891,276292.91093
892,775614.73236
893,1299600.5045
894,29876.857834
895,994052.58723
896,756515.02505
897,2249416.1327
898,438184.59479
899,276292.91093
900,506618.93108
901,432252.37319
902,416018.39761
903,577640.6774
904,751503.01021
905,922929.78019
906,106455.48874
907,442530.5796
908,889266.90486
909,681051.94598
910,4999322.9149
911,179073.56687
912,756515.02505
913,196923.75262
914,775614.73236
915,1709685.5745
916,4999322.9149
917,442530.5796
918,718806.94688
919,196923.75262
920,599969.9675
921,438184.59479
922,1142095.2097
923,331007.5659
924,1083277.2009
925,196923.75262
926,506618.93108
927,4999322.9149
928,438184.59479
929,935746.20411
930,106455.48874
931,490951.82864
932,1142095.2097
933,906101.60014
934,4999322.9149
935,106455.48874
936,922929.78019
937,925644.41939
938,438184.59479
939,175806.86092
940,906101.60014
941,1083277.2009
942,718806.94688
943,935746.20411
944,925644.41939
945,574080.25412
946,681051.94598
947,196923.75262
948,283663.50346
949,703084.56784
950,775614.73236
951,106455.48874
952,4999322.9149
953,179073.56687
954,935746.20411
955,432252.37319
956,196923.75262
957,577640.6774
958,599969.9675
959,106455.48874
960,276292.91093
961,574080.25412
962,751503.01021
963,331007.5659
964,175806.86092
965,506618.93108
966,179073.56687
967,935746.20411
968,416018.39761
969,751503.01021
970,703084.56784
971,925644.41939
972,599969.9675
973,442530.5796
974,640012.33252
975,276292.91093
976,196923.75262
977,508970.58186
978,331007.5659
979,331007.5659
980,196923.75262
981,236432.42013
982,5293657.5795
983,1709685.5745
984,490951.82864
985,994052.58723
986,276292.91093
987,196923.75262
988,775614.73236
989,179073.56687
990,1142095.2097
991,29876.857834
992,935746.20411
993,432252.37319
994,508970.58186
995,331007.5659
996,681051.94598
997,196923.75262
998,438184.59479
999,175806.86092
1000,1105817.2321
1001,718806.94688
1002,442530.5796
1003,29876.857834
1004,179073.56687
1005,994052.58723
1006,196923.75262
1007,508970.58186
1008,276292.91093
1009,416018.39761
1010,577640.6774
1011,925644.41939
1012,490951.82864
1013,906101.60014
1014,718806.94688
1015,490951.82864
1016,331007.5659
1017,196923.75262
1018,640012.33252
1019,4999322.9149
1020,331007.5659
1021,2249416.1327
1022,775614.73236
1023,922929.78019
1024,179073.56687
1025,236432.42013
1026,640012.33252
1027,994052.58723
1028,490951.82864
1029,1709685.5745
1030,490951.82864
1031,701698.51666
1032,29876.857834
1033,681051.94598
1034,276292.91093
1035,2249416.1327
1036,775614.73236
1037,1142095.2097
1038,681051.94598
1039,935746.20411
1040,432252.37319
1041,577640.6774
1042,444816.1927
1043,506618.93108
1044,4999322.9149
1045,718806.94688
1046,703084.56784
1047,416018.39761
1048,922929.78019
1049,925644.41939
1050,2249416.1327
1051,490951.82864
1052,701698.51666
1053,283663.50346
1054,574080.25412
1055,906101.60014
1056,703084.56784
1057,416018.39761
1058,574080.25412
1059,922929.78019
1060,196923.75262
1061,2249416.1327
1062,438184.59479
1063,1142095.2097
1064,681051.94598
1065,196923.75262
1066,506618.93108
1067,438184.59479
1068,179073.56687
1069,775614.73236
1070,283663.50346
1071,681051.94598
1072,490951.82864
1073,29876.857834
1074,283663.50346
1075,640012.33252
1076,331007.5659
1077,2249416.1327
1078,508970.58186
1079,179073.56687
1080,889266.90486
1081,196923.75262
1082,438184.59479
1083,640012.33252
1084,5293657.5795
1085,283663.50346
1086,490951.82864
1087,1105817.2321
1088,574080.25412
1089,179073.56687
1090,438184.59479
1091,196923.75262
1092,1142095.2097
1093,574080.25412
1094,331007.5659
1095,1083277.2009
1096,438184.59479
1097,577640.6774
1098,444816.1927
1099,906101.60014
1100,4999322.9149
1101,196923.75262
1102,438184.59479
1103,703084.56784
1104,416018.39761
1105,925644.41939
1106,283663.50346
1107,718806.94688
1108,331007.5659
1109,29876.857834
1110,506618.93108
1111,775614.73236
1112,179073.56687
1113,508970.58186
1114,331007.5659
1115,1083277.2009
1116,935746.20411
1117,432252.37319
1118,416018.39761
1119,106455.48874
1120,577640.6774
1121,490951.82864
1122,283663.50346
1123,1891913.0454
1124,493177.74125
1125,775614.73236
1126,276292.91093
1127,506618.93108
1128,438184.59479
1129,416018.39761
1130,432252.37319
1131,751503.01021
1132,925644.41939
1133,599969.9675
1134,276292.91093
1135,703084.56784
1136,416018.39761
1137,574080.25412
1138,925644.41939
1139,196923.75262
1140,29876.857834
1141,640012.33252
1142,4999322.9149
1143,994052.58723
1144,331007.5659
1145,2249416.1327
1146,438184.59479
1147,1299600.5045
1148,29876.857834
1149,442530.5796
1150,935746.20411
1151,283663.50346
1152,4999322.9149
1153,922929.78019
1154,490951.82864
1155,4999322.9149
1156,718806.94688
1157,703084.56784
1158,416018.39761
1159,751503.01021
1160,922929.78019
1161,599969.9675
1162,574080.25412
1163,756515.02505
1164,775614.73236
1165,490951.82864
1166,490951.82864
1167,4999322.9149
1168,416018.39761
1169,196923.75262
1170,599969.9675
1171,906101.60014
1172,331007.5659
1173,196923.75262
1174,925644.41939
1175,2249416.1327
1176,599969.9675
1177,906101.60014
1178,1083277.2009
1179,681051.94598
1180,506618.93108
1181,276292.91093
1182,756515.02505
1183,577640.6774
1184,508970.58186
1185,906101.60014
1186,438184.59479
1187,751503.01021
1188,925644.41939
1189,2249416.1327
1190,599969.9675
1191,574080.25412
1192,1105817.2321
1193,718806.94688
1194,196923.75262
1195,236432.42013
1196,775614.73236
1197,994052.58723
1198,283663.50346
1199,106455.48874
1200,718806.94688
1201,889266.90486
1202,29876.857834
1203,574080.25412
1204,775614.73236
1205,179073.56687
1206,994052.58723
1207,5293657.5795
1208,490951.82864
1209,331007.5659
1210,106455.48874
1211,1105817.2321
1212,442530.5796
1213,4999322.9149
1214,179073.56687
1215,994052.58723
1216,196923.75262
1217,1709685.5745
1218,508970.58186
1219,906101.60014
1220,331007.5659
1221,196923.75262
1222,506618.93108
1223,935746.20411
1224,442530.5796
1225,574080.25412
1226,994052.58723
1227,703084.56784
1228,1891913.0454
1229,508970.58186
1230,179073.56687
1231,444816.1927
1232,106455.48874
1233,29876.857834
1234,574080.25412
1235,179073.56687
1236,640012.33252
1237,599969.9675
1238,994052.58723
1239,1709685.5745
1240,508970.58186
1241,490951.82864
1242,442530.5796
1243,889266.90486
1244,283663.50346
1245,331007.5659
1246,438184.59479
1247,1891913.0454
1248,179073.56687
1249,442530.5796
1250,718806.94688
1251,574080.25412
1252,432252.37319
1253,703084.56784
1254,444816.1927
1255,1105817.2321
1256,718806.94688
1257,889266.90486
1258,599969.9675
1259,196923.75262
1260,416018.39761
1261,1709685.5745
1262,331007.5659
1263,442530.5796
1264,889266.90486
1265,775614.73236
1266,179073.56687
1267,640012.33252
1268,599969.9675
1269,906101.60014
1270,4999322.9149
1271,432252.37319
1272,718806.94688
1273,751503.01021
1274,331007.5659
1275,599969.9675
1276,106455.48874
1277,906101.60014
1278,4999322.9149
1279,506618.93108
1280,718806.94688
1281,935746.20411
1282,416018.39761
1283,196923.75262
1284,490951.82864
1285,577640.6774
1286,599969.9675
1287,283663.50346
1288,276292.91093
1289,506618.93108
1290,432252.37319
1291,106455.48874
1292,577640.6774
1293,331007.5659
1294,196923.75262
1295,438184.59479
1296,1105817.2321
1297,718806.94688
1298,442530.5796
1299,574080.25412
1300,438184.59479
1301,5293657.5795
1302,508970.58186
1303,574080.25412
1304,196923.75262
1305,935746.20411
1306,283663.50346
1307,416018.39761
1308,577640.6774
1309,490951.82864
1310,283663.50346
1311,640012.33252
1312,4999322.9149
1313,765945.04771
1314,922929.78019
1315,179073.56687
1316,718806.94688
1317,490951.82864
1318,283663.50346
1319,927716.33279
1320,442530.5796
1321,599969.9675
1322,574080.25412
1323,703084.56784
1324,416018.39761
1325,1891913.0454
1326,508970.58186
1327,438184.59479
1328,1299600.5045
1329,490951.82864
1330,701698.51666
1331,640012.33252
1332,4999322.9149
1333,994052.58723
1334,276292.91093
1335,765945.04771
1336,196923.75262
1337,1142095.2097
1338,574080.25412
1339,331007.5659
1340,196923.75262
1341,775614.73236
1342,5293657.5795
1343,416018.39761
1344,1709685.5745
1345,506618.93108
1346,4999322.9149
1347,106455.48874
1348,276292.91093
1349,432252.37319
1350,756515.02505
1351,331007.5659
1352,703084.56784
1353,508970.58186
1354,506618.93108
1355,718806.94688
1356,935746.20411
1357,577640.6774
1358,599969.9675
1359,906101.60014
1360,490951.82864
1361,4999322.9149
1362,432252.37319
1363,106455.48874
1364,703084.56784
1365,416018.39761
1366,577640.6774
1367,331007.5659
1368,2249416.1327
1369,1142095.2097
1370,935746.20411
1371,508970.58186
1372,1299600.5045
1373,718806.94688
1374,29876.857834
1375,599969.9675
1376,574080.25412
1377,1891913.0454
1378,175806.86092
1379,906101.60014
1380,490951.82864
1381,416018.39761
1382,925644.41939
1383,196923.75262
1384,444816.1927
1385,574080.25412
1386,438184.59479
1387,490951.82864
1388,331007.5659
1389,1105817.2321
1390,179073.56687
1391,599969.9675
1392,438184.59479
1393,416018.39761
1394,490951.82864
1395,1709685.5745
1396,175806.86092
1397,4999322.9149
1398,106455.48874
1399,703084.56784
1400,577640.6774
1401,331007.5659
1402,922929.78019
1403,2249416.1327
1404,906101.60014
1405,4999322.9149
1406,574080.25412
1407,718806.94688
1408,751503.01021
1409,577640.6774
1410,1299600.5045
1411,935746.20411
1412,283663.50346
1413,994052.58723
1414,701698.51666
1415,681051.94598
1416,283663.50346
1417,331007.5659
1418,196923.75262
1419,2249416.1327
1420,438184.59479
1421,508970.58186
1422,106455.48874
1423,276292.91093
1424,4999322.9149
1425,506618.93108
1426,718806.94688
1427,751503.01021
1428,196923.75262
1429,703084.56784
1430,925644.41939
1431,331007.5659
1432,106455.48874
1433,574080.25412
1434,179073.56687
1435,935746.20411
1436,438184.59479
1437,703084.56784
1438,490951.82864
1439,599969.9675
1440,701698.51666
1441,574080.25412
1442,331007.5659
1443,2249416.1327
1444,775614.73236
1445,438184.59479
1446,179073.56687
1447,444816.1927
1448,106455.48874
1449,906101.60014
1450,179073.56687
1451,442530.5796
1452,490951.82864
1453,906101.60014
1454,442530.5796
1455,681051.94598
1456,927716.33279
1457,4999322.9149
1458,331007.5659
1459,756515.02505
1460,438184.59479
1461,718806.94688
1462,775614.73236
1463,196923.75262
1464,416018.39761
1465,490951.82864
1466,1709685.5745
1467,508970.58186
1468,4999322.9149
1469,196923.75262
1470,506618.93108
1471,438184.59479
1472,925644.41939
1473,490951.82864
1474,490951.82864
1475,442530.5796
1476,703084.56784
1477,416018.39761
1478,577640.6774
1479,331007.5659
1480,922929.78019
1481,925644.41939
1482,196923.75262
1483,599969.9675
1484,889266.90486
1485,574080.25412
1486,236432.42013
1487,599969.9675
1488,442530.5796
1489,681051.94598
1490,283663.50346
1491,756515.02505
1492,703084.56784
1493,775614.73236
1494,438184.59479
1495,175806.86092
1496,283663.50346
1497,29876.857834
1498,681051.94598
1499,506618.93108
1500,4999322.9149
1501,574080.25412
1502,331007.5659
1503,703084.56784
1504,577640.6774
1505,331007.5659
1506,29876.857834
1507,775614.73236
1508,935746.20411
1509,599969.9675
1510,283663.50346
1511,490951.82864
1512,444816.1927
1513,106455.48874
1514,906101.60014
1515,276292.91093
1516,925644.41939
1517,490951.82864
1518,1142095.2097
1519,574080.25412
1520,1083277.2009
1521,29876.857834
1522,438184.59479
1523,935746.20411
1524,179073.56687
1525,703084.56784
1526,416018.39761
1527,508970.58186
1528,283663.50346
1529,906101.60014
1530,4999322.9149
1531,106455.48874
1532,703084.56784
1533,574080.25412
1534,331007.5659
1535,2249416.1327
1536,599969.9675
1537,438184.59479
1538,106455.48874
1539,889266.90486
1540,29876.857834
1541,640012.33252
1542,599969.9675
1543,5293657.5795
1544,416018.39761
1545,506618.93108
1546,4999322.9149
1547,442530.5796
1548,432252.37319
1549,718806.94688
1550,416018.39761
1551,751503.01021
1552,599969.9675
1553,438184.59479
1554,442530.5796
1555,574080.25412
1556,179073.56687
1557,640012.33252
1558,438184.59479
1559,1709685.5745
1560,508970.58186
1561,444816.1927
1562,442530.5796
1563,775614.73236
1564,640012.33252
1565,599969.9675
1566,438184.59479
1567,994052.58723
1568,5293657.5795
1569,416018.39761
1570,1709685.5745
1571,331007.5659
1572,276292.91093
1573,438184.59479
1574,751503.01021
1575,490951.82864
1576,701698.51666
1577,681051.94598
1578,283663.50346
1579,640012.33252
1580,276292.91093
1581,331007.5659
1582,2249416.1327
1583,438184.59479
1584,106455.48874
1585,490951.82864
1586,775614.73236
1587,599969.9675
1588,574080.25412
1589,994052.58723
1590,331007.5659
1591,438184.59479
1592,236432.42013
1593,640012.33252
1594,5293657.5795
1595,416018.39761
1596,106455.48874
1597,1709685.5745
1598,490951.82864
1599,906101.60014
1600,29876.857834
1601,681051.94598
1602,927716.33279
1603,331007.5659
1604,756515.02505
1605,1299600.5045
1606,29876.857834
1607,442530.5796
1608,935746.20411
1609,283663.50346
1610,574080.25412
1611,765945.04771
1612,775614.73236
1613,508970.58186
1614,1299600.5045
1615,701698.51666
1616,490951.82864
1617,718806.94688
1618,922929.78019
1619,599969.9675
1620,506618.93108
1621,574080.25412
1622,432252.37319
1623,4999322.9149
1624,703084.56784
1625,756515.02505
1626,1299600.5045
1627,29876.857834
1628,927716.33279
1629,994052.58723
1630,438184.59479
1631,175806.86092
1632,442530.5796
1633,179073.56687
1634,994052.58723
1635,416018.39761
1636,490951.82864
1637,196923.75262
1638,718806.94688
1639,438184.59479
1640,640012.33252
1641,5293657.5795
1642,1709685.5745
1643,442530.5796
1644,718806.94688
1645,935746.20411
1646,577640.6774
1647,331007.5659
1648,1299600.5045
1649,490951.82864
1650,701698.51666
1651,681051.94598
1652,756515.02505
1653,196923.75262
1654,444816.1927
1655,906101.60014
1656,196923.75262
1657,703084.56784
1658,179073.56687
1659,442530.5796
1660,283663.50346
1661,490951.82864
1662,681051.94598
1663,506618.93108
1664,4999322.9149
1665,196923.75262
1666,29876.857834
1667,438184.59479
1668,196923.75262
1669,444816.1927
1670,29876.857834
1671,889266.90486
1672,574080.25412
1673,4999322.9149
1674,276292.91093
1675,994052.58723
1676,490951.82864
1677,331007.5659
1678,718806.94688
1679,775614.73236
1680,5293657.5795
1681,416018.39761
1682,490951.82864
1683,1709685.5745
1684,444816.1927
1685,106455.48874
1686,29876.857834
1687,438184.59479
1688,196923.75262
1689,416018.39761
1690,490951.82864
1691,508970.58186
1692,490951.82864
1693,701698.51666
1694,29876.857834
1695,442530.5796
1696,935746.20411
1697,4999322.9149
1698,765945.04771
1699,331007.5659
1700,196923.75262
1701,935746.20411
1702,179073.56687
1703,756515.02505
1704,444816.1927
1705,718806.94688
1706,442530.5796
1707,29876.857834
1708,1709685.5745
1709,331007.5659
1710,1299600.5045
1711,701698.51666
1712,490951.82864
1713,4999322.9149
1714,2249416.1327
1715,718806.94688
1716,599969.9675
1717,1299600.5045
1718,490951.82864
1719,442530.5796
1720,2249416.1327
1721,106455.48874
1722,756515.02505
1723,331007.5659
1724,444816.1927
1725,331007.5659
1726,196923.75262
1727,432252.37319
1728,438184.59479
1729,703084.56784
1730,416018.39761
1731,179073.56687
1732,577640.6774
1733,922929.78019
1734,490951.82864
1735,1142095.2097
1736,574080.25412
1737,331007.5659
1738,599969.9675
1739,106455.48874
1740,508970.58186
1741,490951.82864
1742,906101.60014
1743,438184.59479
1744,935746.20411
1745,179073.56687
1746,432252.37319
1747,283663.50346
1748,106455.48874
1749,508970.58186
1750,444816.1927
1751,106455.48874
1752,906101.60014
1753,331007.5659
1754,718806.94688
1755,438184.59479
1756,416018.39761
1757,442530.5796
1758,925644.41939
1759,2249416.1327
1760,574080.25412
1761,906101.60014
1762,438184.59479
1763,283663.50346
1764,106455.48874
1765,577640.6774
1766,490951.82864
1767,574080.25412
1768,906101.60014
1769,276292.91093
1770,4999322.9149
1771,935746.20411
1772,432252.37319
1773,577640.6774
1774,490951.82864
1775,906101.60014
1776,276292.91093
1777,331007.5659
1778,4999322.9149
1779,438184.59479
1780,179073.56687
1781,922929.78019
1782,2249416.1327
1783,490951.82864
1784,106455.48874
1785,889266.90486
1786,438184.59479
1787,5293657.5795
1788,444816.1927
1789,106455.48874
1790,29876.857834
1791,574080.25412
1792,640012.33252
1793,276292.91093
1794,438184.59479
1795,196923.75262
1796,5293657.5795
1797,1709685.5745
1798,331007.5659
1799,701698.51666
1800,29876.857834
1801,935746.20411
1802,681051.94598
1803,29876.857834
1804,1083277.2009
1805,935746.20411
1806,276292.91093
1807,432252.37319
1808,756515.02505
1809,490951.82864
1810,106455.48874
1811,276292.91093
1812,4999322.9149
1813,196923.75262
1814,438184.59479
1815,283663.50346
1816,599969.9675
1817,490951.82864
1818,718806.94688
1819,775614.73236
1820,442530.5796
1821,331007.5659
1822,1299600.5045
1823,490951.82864
1824,701698.51666
1825,442530.5796
1826,681051.94598
1827,574080.25412
1828,2249416.1327
1829,438184.59479
1830,922929.78019
1831,1142095.2097
1832,906101.60014
1833,276292.91093
1834,490951.82864
1835,4999322.9149
1836,718806.94688
1837,106455.48874
1838,577640.6774
1839,331007.5659
1840,196923.75262
1841,506618.93108
1842,4999322.9149
1843,718806.94688
1844,438184.59479
1845,442530.5796
1846,599969.9675
1847,175806.86092
1848,906101.60014
1849,1083277.2009
1850,442530.5796
1851,935746.20411
1852,416018.39761
1853,574080.25412
1854,599969.9675
1855,1105817.2321
1856,640012.33252
1857,599969.9675
1858,508970.58186
1859,175806.86092
1860,718806.94688
1861,889266.90486
1862,775614.73236
1863,179073.56687
1864,640012.33252
1865,416018.39761
1866,175806.86092
1867,283663.50346
1868,906101.60014
1869,442530.5796
1870,106455.48874
1871,703084.56784
1872,775614.73236
1873,196923.75262
1874,1142095.2097
1875,432252.37319
1876,106455.48874
1877,703084.56784
1878,574080.25412
1879,751503.01021
1880,2249416.1327
1881,1299600.5045
1882,442530.5796
1883,4999322.9149
1884,574080.25412
1885,994052.58723
1886,331007.5659
1887,756515.02505
1888,196923.75262
1889,922929.78019
1890,508970.58186
1891,276292.91093
1892,703084.56784
1893,179073.56687
1894,751503.01021
1895,442530.5796
1896,925644.41939
1897,283663.50346
1898,906101.60014
1899,331007.5659
1900,703084.56784
1901,508970.58186
1902,438184.59479
1903,4999322.9149
1904,703084.56784
1905,574080.25412
1906,751503.01021
1907,922929.78019
1908,599969.9675
1909,29876.857834
1910,640012.33252
1911,574080.25412
1912,276292.91093
1913,1299600.5045
1914,718806.94688
1915,927716.33279
1916,442530.5796
1917,577640.6774
1918,703084.56784
1919,416018.39761
1920,1891913.0454
1921,276292.91093
1922,506618.93108
1923,438184.59479
1924,935746.20411
1925,179073.56687
1926,703084.56784
1927,925644.41939
1928,106455.48874
1929,1299600.5045
1930,106455.48874
1931,889266.90486
1932,927716.33279
1933,1891913.0454
1934,574080.25412
1935,906101.60014
1936,276292.91093
1937,4999322.9149
1938,718806.94688
1939,935746.20411
1940,179073.56687
1941,432252.37319
1942,751503.01021
1943,283663.50346
1944,925644.41939
1945,490951.82864
1946,175806.86092
1947,106455.48874
1948,276292.91093
1949,1083277.2009
1950,179073.56687
1951,935746.20411
1952,432252.37319
1953,925644.41939
1954,490951.82864
1955,283663.50346
1956,442530.5796
1957,432252.37319
1958,106455.48874
1959,703084.56784
1960,416018.39761
1961,574080.25412
1962,906101.60014
1963,276292.91093
1964,506618.93108
1965,4999322.9149
1966,432252.37319
1967,703084.56784
1968,416018.39761
1969,751503.01021
1970,922929.78019
1971,925644.41939
1972,283663.50346
1973,175806.86092
1974,106455.48874
1975,276292.91093
1976,756515.02505
1977,196923.75262
1978,331007.5659
1979,1142095.2097
1980,29876.857834
1981,106455.48874
1982,508970.58186
1983,1083277.2009
1984,681051.94598
1985,506618.93108
1986,935746.20411
1987,179073.56687
1988,283663.50346
1989,490951.82864
1990,906101.60014
1991,196923.75262
1992,432252.37319
1993,756515.02505
1994,703084.56784
1995,106455.48874
1996,1142095.2097
1997,276292.91093
1998,490951.82864
1999,506618.93108
2000,4999322.9149
2001,442530.5796
2002,432252.37319
2003,718806.94688
2004,703084.56784
2005,574080.25412
2006,577640.6774
2007,922929.78019
2008,1299600.5045
2009,29876.857834
2010,283663.50346
2011,4999322.9149
2012,276292.91093
2013,922929.78019
2014,906101.60014
2015,718806.94688
2016,490951.82864
2017,889266.90486
2018,29876.857834
2019,577640.6774
2020,994052.58723
2021,331007.5659
2022,506618.93108
2023,577640.6774
2024,490951.82864
2025,444816.1927
2026,442530.5796
2027,236432.42013
2028,4999322.9149
2029,994052.58723
2030,196923.75262
2031,331007.5659
2032,444816.1927
2033,906101.60014
2034,4999322.9149
2035,718806.94688
2036,925644.41939
2037,283663.50346
2038,599969.9675
2039,490951.82864
2040,718806.94688
2041,29876.857834
2042,236432.42013
2043,775614.73236
2044,640012.33252
2045,438184.59479
2046,1709685.5745
2047,442530.5796
2048,4999322.9149
2049,331007.5659
2050,438184.59479
2051,508970.58186
2052,106455.48874
2053,906101.60014
2054,1083277.2009
2055,935746.20411
2056,438184.59479
2057,703084.56784
2058,925644.41939
2059,599969.9675
2060,1105817.2321
2061,331007.5659
2062,718806.94688
2063,438184.59479
2064,416018.39761
2065,442530.5796
2066,5293657.5795
2067,283663.50346
2068,444816.1927
2069,106455.48874
2070,906101.60014
2071,196923.75262
2072,703084.56784
2073,416018.39761
2074,179073.56687
2075,577640.6774
2076,442530.5796
2077,922929.78019
2078,106455.48874
2079,889266.90486
2080,29876.857834
2081,574080.25412
2082,1709685.5745
2083,106455.48874
2084,994052.58723
2085,196923.75262
2086,1709685.5745
2087,444816.1927
2088,1105817.2321
2089,640012.33252
2090,994052.58723
2091,756515.02505
2092,5293657.5795
2093,1709685.5745
2094,906101.60014
2095,506618.93108
2096,416018.39761
2097,438184.59479
2098,751503.01021
2099,925644.41939
2100,906101.60014
2101,331007.5659
2102,196923.75262
2103,506618.93108
2104,4999322.9149
2105,438184.59479
2106,935746.20411
2107,432252.37319
2108,906101.60014
2109,442530.5796
2110,506618.93108
2111,438184.59479
2112,577640.6774
2113,775614.73236
2114,2249416.1327
2115,508970.58186
2116,906101.60014
2117,276292.91093
2118,179073.56687
2119,283663.50346
2120,577640.6774
2121,490951.82864
2122,1142095.2097
2123,889266.90486
2124,196923.75262
2125,236432.42013
2126,775614.73236
2127,106455.48874
2128,490951.82864
2129,175806.86092
2130,283663.50346
2131,276292.91093
2132,4999322.9149
2133,574080.25412
2134,751503.01021
2135,438184.59479
2136,681051.94598
2137,756515.02505
2138,283663.50346
2139,577640.6774
2140,508970.58186
2141,283663.50346
2142,906101.60014
2143,276292.91093
2144,4999322.9149
2145,574080.25412
2146,599969.9675
2147,106455.48874
2148,283663.50346
2149,196923.75262
2150,599969.9675
2151,490951.82864
2152,29876.857834
2153,681051.94598
2154,574080.25412
2155,577640.6774
2156,276292.91093
2157,775614.73236
2158,438184.59479
2159,1891913.0454
2160,432252.37319
2161,276292.91093
2162,1299600.5045
2163,106455.48874
2164,577640.6774
2165,994052.58723
2166,175806.86092
2167,906101.60014
2168,574080.25412
2169,438184.59479
2170,432252.37319
2171,490951.82864
2172,577640.6774
2173,599969.9675
2174,1083277.2009
2175,196923.75262
2176,506618.93108
2177,4999322.9149
2178,438184.59479
2179,432252.37319
2180,444816.1927
2181,29876.857834
2182,490951.82864
2183,701698.51666
2184,29876.857834
2185,935746.20411
2186,640012.33252
2187,4999322.9149
2188,276292.91093
2189,196923.75262
2190,179073.56687
2191,331007.5659
2192,438184.59479
2193,432252.37319
2194,283663.50346
2195,1299600.5045
2196,906101.60014
2197,442530.5796
2198,574080.25412
2199,276292.91093
2200,703084.56784
2201,508970.58186
2202,106455.48874
2203,574080.25412
2204,236432.42013
2205,416018.39761
2206,490951.82864
2207,508970.58186
2208,331007.5659
2209,574080.25412
2210,438184.59479
2211,179073.56687
2212,703084.56784
2213,106455.48874
2214,508970.58186
2215,106455.48874
2216,906101.60014
2217,276292.91093
2218,506618.93108
2219,4999322.9149
2220,416018.39761
2221,577640.6774
2222,442530.5796
2223,283663.50346
2224,906101.60014
2225,196923.75262
2226,718806.94688
2227,438184.59479
2228,179073.56687
2229,751503.01021
2230,442530.5796
2231,506618.93108
2232,703084.56784
2233,416018.39761
2234,922929.78019
2235,925644.41939
2236,2249416.1327
2237,1299600.5045
2238,29876.857834
2239,442530.5796
2240,4999322.9149
2241,765945.04771
2242,196923.75262
2243,2249416.1327
2244,490951.82864
2245,4999322.9149
2246,718806.94688
2247,106455.48874
2248,703084.56784
2249,331007.5659
2250,925644.41939
2251,196923.75262
2252,331007.5659
2253,438184.59479
2254,416018.39761
2255,751503.01021
2256,442530.5796
2257,29876.857834
2258,106455.48874
2259,331007.5659
2260,175806.86092
2261,906101.60014
2262,29876.857834
2263,179073.56687
2264,432252.37319
2265,283663.50346
2266,508970.58186
2267,490951.82864
2268,444816.1927
2269,574080.25412
2270,236432.42013
2271,276292.91093
2272,438184.59479
2273,775614.73236
2274,490951.82864
2275,283663.50346
2276,906101.60014
2277,506618.93108
2278,4999322.9149
2279,276292.91093
2280,574080.25412
2281,756515.02505
2282,196923.75262
2283,681051.94598
2284,283663.50346
2285,2249416.1327
2286,106455.48874
2287,775614.73236
2288,935746.20411
2289,2249416.1327
2290,438184.59479
2291,508970.58186
2292,179073.56687
2293,1299600.5045
2294,681051.94598
2295,640012.33252
2296,276292.91093
2297,331007.5659
2298,29876.857834
2299,438184.59479
2300,994052.58723
2301,508970.58186
2302,1105817.2321
2303,718806.94688
2304,442530.5796
2305,889266.90486
2306,416018.39761
2307,906101.60014
2308,574080.25412
2309,506618.93108
2310,416018.39761
2311,438184.59479
2312,196923.75262
2313,444816.1927
2314,106455.48874
2315,574080.25412
2316,236432.42013
2317,438184.59479
2318,444816.1927
2319,106455.48874
2320,29876.857834
2321,574080.25412
2322,236432.42013
2323,4999322.9149
2324,640012.33252
2325,775614.73236
2326,1709685.5745
2327,1083277.2009
2328,196923.75262
2329,506618.93108
2330,935746.20411
2331,416018.39761
2332,925644.41939
2333,577640.6774
2334,599969.9675
2335,490951.82864
2336,432252.37319
2337,438184.59479
2338,179073.56687
2339,922929.78019
2340,283663.50346
2341,2249416.1327
2342,599969.9675
2343,490951.82864
2344,1299600.5045
2345,276292.91093
2346,4999322.9149
2347,2249416.1327
2348,718806.94688
2349,442530.5796
2350,1891913.0454
2351,196923.75262
2352,438184.59479
2353,1142095.2097
2354,432252.37319
2355,283663.50346
2356,508970.58186
2357,490951.82864
2358,276292.91093
2359,442530.5796
2360,935746.20411
2361,703084.56784
2362,925644.41939
2363,577640.6774
2364,331007.5659
2365,506618.93108
2366,756515.02505
2367,2249416.1327
2368,331007.5659
2369,106455.48874
2370,718806.94688
2371,751503.01021
2372,283663.50346
2373,106455.48874
2374,276292.91093
2375,179073.56687
2376,935746.20411
2377,438184.59479
2378,703084.56784
2379,925644.41939
2380,599969.9675
2381,175806.86092
2382,432252.37319
2383,751503.01021
2384,331007.5659
2385,922929.78019
2386,599969.9675
2387,574080.25412
2388,444816.1927
2389,442530.5796
2390,640012.33252
2391,756515.02505
2392,775614.73236
2393,1709685.5745
2394,175806.86092
2395,906101.60014
2396,276292.91093
2397,490951.82864
2398,4999322.9149
2399,718806.94688
2400,106455.48874
2401,751503.01021
2402,331007.5659
2403,490951.82864
2404,681051.94598
2405,276292.91093
2406,331007.5659
2407,196923.75262
2408,703084.56784
2409,438184.59479
2410,276292.91093
2411,179073.56687
2412,577640.6774
2413,751503.01021
2414,925644.41939
2415,283663.50346
2416,175806.86092
2417,283663.50346
2418,276292.91093
2419,490951.82864
2420,506618.93108
2421,442530.5796
2422,718806.94688
2423,416018.39761
2424,574080.25412
2425,751503.01021
2426,331007.5659
2427,925644.41939
2428,196923.75262
2429,438184.59479
2430,889266.90486
2431,179073.56687
2432,196923.75262
2433,1709685.5745
2434,331007.5659
2435,432252.37319
2436,703084.56784
2437,577640.6774
2438,751503.01021
2439,922929.78019
2440,599969.9675
2441,442530.5796
2442,574080.25412
2443,994052.58723
2444,196923.75262
2445,416018.39761
2446,508970.58186
2447,283663.50346
2448,276292.91093
2449,432252.37319
2450,2249416.1327
2451,599969.9675
2452,438184.59479
2453,175806.86092
2454,331007.5659
2455,196923.75262
2456,935746.20411
2457,599969.9675
2458,283663.50346
2459,703084.56784
2460,106455.48874
2461,906101.60014
2462,718806.94688
2463,889266.90486
2464,331007.5659
2465,508970.58186
2466,438184.59479
2467,1299600.5045
2468,442530.5796
2469,935746.20411
2470,4999322.9149
2471,331007.5659
2472,765945.04771
2473,756515.02505
2474,196923.75262
2475,775614.73236
2476,438184.59479
2477,508970.58186
2478,444816.1927
2479,1105817.2321
2480,718806.94688
2481,889266.90486
2482,29876.857834
2483,574080.25412
2484,416018.39761
2485,490951.82864
2486,701698.51666
2487,681051.94598
2488,640012.33252
2489,994052.58723
2490,276292.91093
2491,765945.04771
2492,775614.73236
2493,438184.59479
2494,906101.60014
2495,29876.857834
2496,442530.5796
2497,889266.90486
2498,283663.50346
2499,574080.25412
2500,331007.5659
2501,775614.73236
2502,179073.56687
2503,718806.94688
2504,574080.25412
2505,599969.9675
2506,508970.58186
2507,1083277.2009
2508,935746.20411
2509,751503.01021
2510,703084.56784
2511,331007.5659
2512,506618.93108
2513,4999322.9149
2514,703084.56784
2515,179073.56687
2516,922929.78019
2517,925644.41939
2518,283663.50346
2519,490951.82864
2520,331007.5659
2521,438184.59479
2522,935746.20411
2523,599969.9675
2524,432252.37319
2525,703084.56784
2526,508970.58186
2527,1105817.2321
2528,29876.857834
2529,442530.5796
2530,681051.94598
2531,276292.91093
2532,438184.59479
2533,994052.58723
2534,5293657.5795
2535,775614.73236
2536,574080.25412
2537,331007.5659
2538,508970.58186
2539,1105817.2321
2540,29876.857834
2541,438184.59479
2542,994052.58723
2543,5293657.5795
2544,775614.73236
2545,331007.5659
2546,1105817.2321
2547,442530.5796
2548,775614.73236
2549,599969.9675
2550,5293657.5795
2551,416018.39761
2552,1709685.5745
2553,681051.94598
2554,196923.75262
2555,756515.02505
2556,775614.73236
2557,106455.48874
2558,106455.48874
2559,718806.94688
2560,29876.857834
2561,574080.25412
2562,775614.73236
2563,179073.56687
2564,640012.33252
2565,599969.9675
2566,438184.59479
2567,490951.82864
2568,1709685.5745
2569,442530.5796
2570,283663.50346
2571,994052.58723
2572,276292.91093
2573,490951.82864
2574,701698.51666
2575,283663.50346
2576,106455.48874
2577,922929.78019
2578,1891913.0454
2579,756515.02505
2580,438184.59479
2581,490951.82864
2582,574080.25412
2583,756515.02505
2584,196923.75262
2585,703084.56784
2586,438184.59479
2587,1142095.2097
2588,906101.60014
2589,331007.5659
2590,283663.50346
2591,416018.39761
2592,106455.48874
2593,577640.6774
2594,106455.48874
2595,442530.5796
2596,4999322.9149
2597,577640.6774
2598,922929.78019
2599,775614.73236
2600,276292.91093
2601,4999322.9149
2602,432252.37319
2603,574080.25412
2604,751503.01021
2605,922929.78019
2606,196923.75262
2607,438184.59479
2608,4999322.9149
2609,640012.33252
2610,438184.59479
2611,756515.02505
2612,5293657.5795
2613,508970.58186
2614,718806.94688
2615,889266.90486
2616,236432.42013
2617,640012.33252
2618,438184.59479
2619,994052.58723
2620,179073.56687
2621,599969.9675
2622,438184.59479
2623,5293657.5795
2624,1083277.2009
2625,106455.48874
2626,935746.20411
2627,756515.02505
2628,703084.56784
2629,577640.6774
2630,508970.58186
2631,1142095.2097
2632,29876.857834
2633,331007.5659
2634,681051.94598
2635,438184.59479
2636,935746.20411
2637,276292.91093
2638,179073.56687
2639,283663.50346
2640,1142095.2097
2641,276292.91093
2642,179073.56687
2643,756515.02505
2644,283663.50346
2645,703084.56784
2646,775614.73236
2647,106455.48874
2648,490951.82864
2649,106455.48874
2650,1105817.2321
2651,442530.5796
2652,889266.90486
2653,775614.73236
2654,599969.9675
2655,5293657.5795
2656,416018.39761
2657,1142095.2097
2658,331007.5659
2659,1083277.2009
2660,506618.93108
2661,438184.59479
2662,935746.20411
2663,283663.50346
2664,703084.56784
2665,490951.82864
2666,906101.60014
2667,196923.75262
2668,506618.93108
2669,179073.56687
2670,283663.50346
2671,416018.39761
2672,577640.6774
2673,276292.91093
2674,4999322.9149
2675,574080.25412
2676,506618.93108
2677,416018.39761
2678,276292.91093
2679,4999322.9149
2680,574080.25412
2681,506618.93108
2682,179073.56687
2683,416018.39761
2684,331007.5659
2685,283663.50346
2686,906101.60014
2687,490951.82864
2688,506618.93108
2689,935746.20411
2690,416018.39761
2691,925644.41939
2692,196923.75262
2693,1142095.2097
2694,775614.73236
2695,179073.56687
2696,432252.37319
2697,490951.82864
2698,1299600.5045
2699,29876.857834
2700,442530.5796
2701,935746.20411
2702,4999322.9149
2703,756515.02505
2704,196923.75262
2705,2249416.1327
2706,775614.73236
2707,438184.59479
2708,922929.78019
2709,179073.56687
2710,906101.60014
2711,442530.5796
2712,681051.94598
2713,574080.25412
2714,577640.6774
2715,276292.91093
2716,994052.58723
2717,196923.75262
2718,775614.73236
2719,444816.1927
2720,889266.90486
2721,574080.25412
2722,236432.42013
2723,4999322.9149
2724,994052.58723
2725,490951.82864
2726,1709685.5745
2727,276292.91093
2728,599969.9675
2729,490951.82864
2730,442530.5796
2731,681051.94598
2732,574080.25412
2733,196923.75262
2734,775614.73236
2735,106455.48874
2736,276292.91093
2737,331007.5659
2738,889266.90486
2739,4999322.9149
2740,438184.59479
2741,5293657.5795
2742,925644.41939
2743,283663.50346
2744,1709685.5745
2745,490951.82864
2746,106455.48874
2747,442530.5796
2748,236432.42013
2749,994052.58723
2750,416018.39761
2751,1299600.5045
2752,29876.857834
2753,283663.50346
2754,4999322.9149
2755,331007.5659
2756,765945.04771
2757,283663.50346
2758,994052.58723
2759,718806.94688
2760,889266.90486
2761,927716.33279
2762,775614.73236
2763,994052.58723
2764,508970.58186
2765,1105817.2321
2766,574080.25412
2767,236432.42013
2768,775614.73236
2769,106455.48874
2770,1105817.2321
2771,718806.94688
2772,442530.5796
2773,29876.857834
2774,574080.25412
2775,775614.73236
2776,179073.56687
2777,599969.9675
2778,438184.59479
2779,416018.39761
2780,416018.39761
2781,574080.25412
2782,1083277.2009
2783,438184.59479
2784,444816.1927
2785,106455.48874
2786,1105817.2321
2787,889266.90486
2788,236432.42013
2789,4999322.9149
2790,640012.33252
2791,196923.75262
2792,490951.82864
2793,175806.86092
2794,906101.60014
2795,29876.857834
2796,681051.94598
2797,4999322.9149
2798,438184.59479
2799,775614.73236
2800,508970.58186
2801,1083277.2009
2802,599969.9675
2803,508970.58186
2804,175806.86092
2805,106455.48874
2806,906101.60014
2807,574080.25412
2808,179073.56687
2809,416018.39761
2810,438184.59479
2811,490951.82864
2812,1142095.2097
2813,490951.82864
2814,506618.93108
2815,718806.94688
2816,922929.78019
2817,599969.9675
2818,438184.59479
2819,175806.86092
2820,906101.60014
2821,442530.5796
2822,179073.56687
2823,756515.02505
2824,922929.78019
2825,701698.51666
2826,29876.857834
2827,935746.20411
2828,681051.94598
2829,283663.50346
2830,331007.5659
2831,756515.02505
2832,196923.75262
2833,438184.59479
2834,508970.58186
2835,1142095.2097
2836,574080.25412
2837,508970.58186
2838,1105817.2321
2839,718806.94688
2840,196923.75262
2841,236432.42013
2842,994052.58723
2843,283663.50346
2844,5293657.5795
2845,416018.39761
2846,1709685.5745
2847,508970.58186
2848,681051.94598
2849,276292.91093
2850,432252.37319
2851,756515.02505
2852,331007.5659
2853,444816.1927
2854,718806.94688
2855,599969.9675
2856,508970.58186
2857,444816.1927
2858,1105817.2321
2859,775614.73236
2860,438184.59479
2861,994052.58723
2862,490951.82864
2863,681051.94598
2864,574080.25412
2865,703084.56784
2866,508970.58186
2867,276292.91093
2868,236432.42013
2869,438184.59479
2870,994052.58723
2871,442530.5796
2872,5293657.5795
2873,599969.9675
2874,490951.82864
2875,444816.1927
2876,416018.39761
2877,994052.58723
2878,442530.5796
2879,925644.41939
2880,1709685.5745
2881,1299600.5045
2882,29876.857834
2883,442530.5796
2884,935746.20411
2885,681051.94598
2886,640012.33252
2887,4999322.9149
2888,331007.5659
2889,765945.04771
2890,756515.02505
2891,196923.75262
2892,2249416.1327
2893,775614.73236
2894,5293657.5795
2895,490951.82864
2896,1709685.5745
2897,106455.48874
2898,276292.91093
2899,4999322.9149
2900,994052.58723
2901,751503.01021
2902,442530.5796
2903,906101.60014
2904,506618.93108
2905,935746.20411
2906,577640.6774
2907,508970.58186
2908,106455.48874
2909,889266.90486
2910,574080.25412
2911,775614.73236
2912,994052.58723
2913,331007.5659
2914,196923.75262
2915,276292.91093
2916,506618.93108
2917,432252.37319
2918,751503.01021
2919,925644.41939
2920,106455.48874
2921,906101.60014
2922,29876.857834
2923,4999322.9149
2924,577640.6774
2925,508970.58186
2926,276292.91093
2927,4999322.9149
2928,106455.48874
2929,416018.39761
2930,574080.25412
2931,922929.78019
2932,196923.75262
2933,106455.48874
2934,4999322.9149
2935,640012.33252
2936,756515.02505
2937,5293657.5795
2938,1709685.5745
2939,331007.5659
2940,1142095.2097
2941,718806.94688
2942,331007.5659
2943,640012.33252
2944,283663.50346
2945,701698.51666
2946,283663.50346
2947,574080.25412
2948,331007.5659
2949,2249416.1327
2950,775614.73236
2951,438184.59479
2952,922929.78019
2953,1142095.2097
2954,331007.5659
2955,775614.73236
2956,179073.56687
2957,508970.58186
2958,490951.82864
2959,1299600.5045
2960,29876.857834
2961,442530.5796
2962,935746.20411
2963,994052.58723
2964,276292.91093
2965,196923.75262
2966,775614.73236
2967,574080.25412
2968,331007.5659
2969,1083277.2009
2970,4999322.9149
2971,935746.20411
2972,276292.91093
2973,179073.56687
2974,283663.50346
2975,577640.6774
2976,490951.82864
2977,906101.60014
2978,331007.5659
2979,703084.56784
2980,106455.48874
2981,889266.90486
2982,681051.94598
2983,574080.25412
2984,236432.42013
2985,994052.58723
2986,508970.58186
2987,175806.86092
2988,432252.37319
2989,416018.39761
2990,577640.6774
2991,922929.78019
2992,506618.93108
2993,196923.75262
2994,577640.6774
2995,751503.01021
2996,925644.41939
2997,599969.9675
2998,490951.82864
2999,331007.5659
3000,438184.59479
3001,283663.50346
3002,703084.56784
3003,106455.48874
3004,599969.9675
3005,1083277.2009
3006,179073.56687
3007,703084.56784
3008,442530.5796
3009,1083277.2009
3010,935746.20411
3011,432252.37319
3012,751503.01021
3013,925644.41939
3014,490951.82864
3015,681051.94598
3016,640012.33252
3017,994052.58723
3018,2249416.1327
3019,179073.56687
3020,1142095.2097
3021,506618.93108
3022,179073.56687
3023,756515.02505
3024,577640.6774
3025,490951.82864
3026,906101.60014
3027,1083277.2009
3028,718806.94688
3029,416018.39761
3030,438184.59479
3031,1142095.2097
3032,490951.82864
3033,416018.39761
3034,574080.25412
3035,577640.6774
3036,196923.75262
3037,276292.91093
3038,490951.82864
3039,718806.94688
3040,106455.48874
3041,703084.56784
3042,106455.48874
3043,1105817.2321
3044,442530.5796
3045,179073.56687
3046,640012.33252
3047,599969.9675
3048,994052.58723
3049,196923.75262
3050,416018.39761
3051,508970.58186
3052,444816.1927
3053,718806.94688
3054,438184.59479
3055,599969.9675
3056,490951.82864
3057,106455.48874
3058,1105817.2321
3059,236432.42013
3060,640012.33252
3061,994052.58723
3062,442530.5796
3063,1709685.5745
3064,775614.73236
3065,438184.59479
3066,196923.75262
3067,331007.5659
3068,276292.91093
3069,1083277.2009
3070,506618.93108
3071,718806.94688
3072,935746.20411
3073,416018.39761
3074,432252.37319
3075,751503.01021
3076,490951.82864
3077,490951.82864
3078,701698.51666
3079,442530.5796
3080,935746.20411
3081,283663.50346
3082,640012.33252
3083,4999322.9149
3084,196923.75262
3085,1299600.5045
3086,490951.82864
3087,29876.857834
3088,442530.5796
3089,935746.20411
3090,2249416.1327
3091,438184.59479
3092,508970.58186
3093,179073.56687
3094,490951.82864
3095,432252.37319
3096,106455.48874
3097,574080.25412
3098,577640.6774
3099,751503.01021
3100,331007.5659
3101,438184.59479
3102,1299600.5045
3103,29876.857834
3104,4999322.9149
3105,1891913.0454
3106,756515.02505
3107,331007.5659
3108,493177.74125
3109,196923.75262
3110,1083277.2009
3111,508970.58186
3112,574080.25412
3113,276292.91093
3114,506618.93108
3115,718806.94688
3116,438184.59479
3117,283663.50346
3118,703084.56784
3119,106455.48874
3120,577640.6774
3121,490951.82864
3122,574080.25412
3123,718806.94688
3124,438184.59479
3125,432252.37319
3126,490951.82864
3127,599969.9675
3128,276292.91093
3129,4999322.9149
3130,196923.75262
3131,432252.37319
3132,438184.59479
3133,416018.39761
3134,751503.01021
3135,922929.78019
3136,2249416.1327
3137,574080.25412
3138,29876.857834
3139,935746.20411
3140,276292.91093
3141,703084.56784
3142,775614.73236
3143,106455.48874
3144,1105817.2321
3145,442530.5796
3146,775614.73236
3147,640012.33252
3148,5293657.5795
3149,416018.39761
3150,1709685.5745
3151,1142095.2097
3152,906101.60014
3153,276292.91093
3154,490951.82864
3155,718806.94688
3156,599969.9675
3157,276292.91093
3158,490951.82864
3159,506618.93108
3160,331007.5659
3161,2249416.1327
3162,906101.60014
3163,4999322.9149
3164,438184.59479
3165,283663.50346
3166,1142095.2097
3167,574080.25412
3168,29876.857834
3169,196923.75262
3170,775614.73236
3171,438184.59479
3172,179073.56687
3173,283663.50346
3174,416018.39761
3175,106455.48874
3176,508970.58186
3177,490951.82864
3178,718806.94688
3179,1083277.2009
3180,283663.50346
3181,703084.56784
3182,416018.39761
3183,106455.48874
3184,508970.58186
3185,175806.86092
3186,906101.60014
3187,442530.5796
3188,1083277.2009
3189,179073.56687
3190,935746.20411
3191,444816.1927
3192,906101.60014
3193,276292.91093
3194,331007.5659
3195,506618.93108
3196,4999322.9149
3197,438184.59479
3198,179073.56687
3199,577640.6774
3200,751503.01021
3201,442530.5796
3202,925644.41939
3203,2249416.1327
3204,599969.9675
3205,889266.90486
3206,681051.94598
3207,994052.58723
3208,508970.58186
3209,331007.5659
3210,106455.48874
3211,1105817.2321
3212,681051.94598
3213,574080.25412
3214,276292.91093
3215,438184.59479
3216,775614.73236
3217,331007.5659
3218,718806.94688
3219,703084.56784
3220,179073.56687
3221,442530.5796
3222,922929.78019
3223,1142095.2097
3224,1083277.2009
3225,283663.50346
3226,703084.56784
3227,175806.86092
3228,906101.60014
3229,276292.91093
3230,1083277.2009
3231,4999322.9149
3232,718806.94688
3233,179073.56687
3234,416018.39761
3235,432252.37319
3236,577640.6774
3237,599969.9675
3238,175806.86092
3239,442530.5796
3240,1083277.2009
3241,4999322.9149
3242,718806.94688
3243,935746.20411
3244,416018.39761
3245,432252.37319
3246,751503.01021
3247,196923.75262
3248,703084.56784
3249,577640.6774
3250,331007.5659
3251,179073.56687
3252,640012.33252
3253,444816.1927
3254,1105817.2321
3255,718806.94688
3256,29876.857834
3257,236432.42013
3258,416018.39761
3259,1142095.2097
3260,906101.60014
3261,718806.94688
3262,416018.39761
3263,283663.50346
3264,1105817.2321
3265,29876.857834
3266,331007.5659
3267,681051.94598
3268,196923.75262
3269,640012.33252
3270,106455.48874
3271,508970.58186
3272,490951.82864
3273,681051.94598
3274,283663.50346
3275,4999322.9149
3276,196923.75262
3277,922929.78019
3278,106455.48874
3279,506618.93108
3280,432252.37319
3281,179073.56687
3282,703084.56784
3283,438184.59479
3284,922929.78019
3285,775614.73236
3286,508970.58186
3287,331007.5659
3288,1142095.2097
3289,574080.25412
3290,906101.60014
3291,29876.857834
3292,4999322.9149
3293,438184.59479
3294,179073.56687
3295,432252.37319
3296,283663.50346
3297,577640.6774
3298,490951.82864
3299,106455.48874
3300,1083277.2009
3301,574080.25412
3302,718806.94688
3303,416018.39761
3304,577640.6774
3305,106455.48874
3306,276292.91093
3307,416018.39761
3308,925644.41939
3309,599969.9675
3310,442530.5796
3311,4999322.9149
3312,935746.20411
3313,925644.41939
3314,331007.5659
3315,331007.5659
3316,577640.6774
3317,925644.41939
3318,599969.9675
3319,29876.857834
3320,681051.94598
3321,640012.33252
3322,574080.25412
3323,196923.75262
3324,508970.58186
3325,1142095.2097
3326,179073.56687
3327,432252.37319
3328,283663.50346
3329,703084.56784
3330,925644.41939
3331,106455.48874
3332,889266.90486
3333,574080.25412
3334,775614.73236
3335,640012.33252
3336,438184.59479
3337,994052.58723
3338,196923.75262
3339,416018.39761
3340,508970.58186
3341,1299600.5045
3342,490951.82864
3343,442530.5796
3344,283663.50346
3345,4999322.9149
3346,574080.25412
3347,756515.02505
3348,196923.75262
3349,775614.73236
3350,508970.58186
3351,106455.48874
3352,276292.91093
3353,196923.75262
3354,432252.37319
3355,718806.94688
3356,577640.6774
3357,922929.78019
3358,925644.41939
3359,490951.82864
3360,1299600.5045
3361,889266.90486
3362,283663.50346
3363,574080.25412
3364,994052.58723
3365,703084.56784
3366,438184.59479
3367,106455.48874
3368,490951.82864
3369,4999322.9149
3370,922929.78019
3371,416018.39761
3372,574080.25412
3373,493177.74125
3374,925644.41939
3375,196923.75262
3376,490951.82864
3377,701698.51666
3378,29876.857834
3379,994052.58723
3380,756515.02505
3381,196923.75262
3382,640012.33252
3383,5293657.5795
3384,490951.82864
3385,106455.48874
3386,1105817.2321
3387,442530.5796
3388,236432.42013
3389,599969.9675
3390,994052.58723
3391,490951.82864
3392,106455.48874
3393,1105817.2321
3394,276292.91093
3395,236432.42013
3396,179073.56687
3397,994052.58723
3398,925644.41939
3399,283663.50346
3400,599969.9675
3401,574080.25412
3402,906101.60014
3403,775614.73236
3404,416018.39761
3405,106455.48874
3406,577640.6774
3407,506618.93108
3408,574080.25412
3409,490951.82864
3410,701698.51666
3411,29876.857834
3412,442530.5796
3413,935746.20411
3414,681051.94598
3415,283663.50346
3416,994052.58723
3417,331007.5659
3418,756515.02505
3419,196923.75262
3420,775614.73236
3421,438184.59479
3422,1299600.5045
3423,701698.51666
3424,283663.50346
3425,4999322.9149
3426,574080.25412
3427,994052.58723
3428,765945.04771
3429,756515.02505
3430,2249416.1327
3431,1142095.2097
3432,4999322.9149
3433,432252.37319
3434,703084.56784
3435,922929.78019
3436,438184.59479
3437,701698.51666
3438,935746.20411
3439,756515.02505
3440,196923.75262
3441,775614.73236
3442,438184.59479
3443,508970.58186
3444,506618.93108
3445,574080.25412
3446,276292.91093
3447,506618.93108
3448,432252.37319
3449,718806.94688
3450,703084.56784
3451,283663.50346
3452,2249416.1327
3453,1299600.5045
3454,681051.94598
3455,640012.33252
3456,765945.04771
3457,2249416.1327
3458,775614.73236
3459,179073.56687
3460,442530.5796
3461,574080.25412
3462,775614.73236
3463,179073.56687
3464,331007.5659
3465,106455.48874
3466,432252.37319
3467,751503.01021
3468,283663.50346
3469,2249416.1327
3470,599969.9675
3471,506618.93108
3472,4999322.9149
3473,577640.6774
3474,442530.5796
3475,922929.78019
3476,925644.41939
3477,490951.82864
3478,175806.86092
3479,283663.50346
3480,906101.60014
3481,506618.93108
3482,442530.5796
3483,718806.94688
3484,703084.56784
3485,416018.39761
3486,574080.25412
3487,599969.9675
3488,1142095.2097
3489,574080.25412
3490,906101.60014
3491,29876.857834
3492,196923.75262
3493,506618.93108
3494,438184.59479
3495,935746.20411
3496,703084.56784
3497,775614.73236
3498,444816.1927
3499,106455.48874
3500,506618.93108
3501,4999322.9149
3502,196923.75262
3503,438184.59479
3504,703084.56784
3505,179073.56687
3506,751503.01021
3507,331007.5659
3508,4999322.9149
3509,438184.59479
3510,416018.39761
3511,577640.6774
3512,922929.78019
3513,283663.50346
3514,2249416.1327
3515,701698.51666
3516,29876.857834
3517,640012.33252
3518,775614.73236
3519,438184.59479
3520,506618.93108
3521,718806.94688
3522,106455.48874
3523,574080.25412
3524,432252.37319
3525,751503.01021
3526,331007.5659
3527,925644.41939
3528,577640.6774
3529,1142095.2097
3530,490951.82864
3531,4999322.9149
3532,718806.94688
3533,106455.48874
3534,703084.56784
3535,577640.6774
3536,196923.75262
3537,438184.59479
3538,444816.1927
3539,1105817.2321
3540,681051.94598
3541,4999322.9149
3542,276292.91093
3543,438184.59479
3544,756515.02505
3545,196923.75262
3546,5293657.5795
3547,889266.90486
3548,236432.42013
3549,179073.56687
3550,283663.50346
3551,1709685.5745
3552,331007.5659
3553,681051.94598
3554,196923.75262
3555,935746.20411
3556,703084.56784
3557,775614.73236
3558,106455.48874
3559,577640.6774
3560,490951.82864
3561,175806.86092
3562,106455.48874
3563,906101.60014
3564,442530.5796
3565,1083277.2009
3566,506618.93108
3567,925644.41939
3568,490951.82864
3569,599969.9675
3570,1142095.2097
3571,4999322.9149
3572,432252.37319
3573,703084.56784
3574,922929.78019
