<?xml version="1.0" encoding="UTF-8"?>
<config xmlns="http://www.knime.org/2008/09/XMLConfig" xmlns:xsi="http://www.w3.org/2001/XMLSchema-instance" xsi:schemaLocation="http://www.knime.org/2008/09/XMLConfig http://www.knime.org/XMLConfig_2008_09.xsd" key="model.xml">
<entry key="version" type="xint" value="1"/>
<entry key="class_name" type="xstring" value="org.knime.base.data.normalize.NormalizerPortObject"/>
<config key="model">
<config key="columns">
<config key="AGE">
<entry key="column_name" type="xstring" value="AGE"/>
<entry key="column_scale" type="xdouble" value="0.022727272727272728"/>
<entry key="column_translate" type="xdouble" value="-0.5454545454545454"/>
<entry key="column_min" type="xdouble" value="0.0"/>
<entry key="column_max" type="xdouble" value="1.0"/>
</config>
<config key="ANNUALINCOME">
<entry key="column_name" type="xstring" value="ANNUALINCOME"/>
<entry key="column_scale" type="xdouble" value="0.004629629629629629"/>
<entry key="column_translate" type="xdouble" value="-0.037037037037037035"/>
<entry key="column_min" type="xdouble" value="0.0"/>
<entry key="column_max" type="xdouble" value="1.0"/>
</config>
<config key="EDUCATIONLEVEL_ID">
<entry key="column_name" type="xstring" value="EDUCATIONLEVEL_ID"/>
<entry key="column_scale" type="xdouble" value="0.5"/>
<entry key="column_translate" type="xdouble" value="-0.5"/>
<entry key="column_min" type="xdouble" value="0.0"/>
<entry key="column_max" type="xdouble" value="1.0"/>
</config>
<config key="NETPRICE_PRO11_AMT">
<entry key="column_name" type="xstring" value="NETPRICE_PRO11_AMT"/>
<entry key="column_scale" type="xdouble" value="0.0015748031496062992"/>
<entry key="column_translate" type="xdouble" value="0.0"/>
<entry key="column_min" type="xdouble" value="0.0"/>
<entry key="column_max" type="xdouble" value="1.0"/>
</config>
<config key="NETPRICE_PRO14_AMT">
<entry key="column_name" type="xstring" value="NETPRICE_PRO14_AMT"/>
<entry key="column_scale" type="xdouble" value="0.01"/>
<entry key="column_translate" type="xdouble" value="0.0"/>
<entry key="column_min" type="xdouble" value="0.0"/>
<entry key="column_max" type="xdouble" value="1.0"/>
</config>
</config>
<entry key="summary" type="xstring" value="Min/Max (0.0, 1) normalization on 5 column(s)"/>
</config>
</config>
